# id, type, obs_id, val_a, val_b, val_interval_start, val_interval_stop
4, 1, 1, 0x80000000, 0x8000001c, 10, 20
5, 1, 1, 0x80000000, 0x8000001c, 6, 30
24, 2, 0, 0x80000030, 0x80000018, 4, 12
32, 3, 2, 3000, 3100, 1, 1023
33, 3, 2, 3000, 3100, 2000, 4025
34, 3, 2, 2200, 2400, 1, 1023
35, 4, 2, 1, 14, 700, 900
36, 4, 2, 1, 14, 800, 900
44, 1, 0, 0x80000028, 0x80000030, 4, 16
45, 0, 0, 0x80000018, 0, 5, 95

# _start -> block_2:
#50, 1, 0, 0x80000018, 0x80000048, 4, 10

# block_2 -> block_3:
#51, 1, 0, 0x80000048, 0x80000054, 4, 8

# block_3 -> block_2:
#52, 1, 0, 0x80000054, 0x80000048, 2, 6

# block_3 -> _start:
53, 1, 0, 0x80000054, 0x80000018, 4, 8

# _start -> _start:
#54, 0, 0, 0x80000018, 0x80000018, 30, 200

# ROS decode -> periodic heartbeat: expect new event on decode every 40..59 ms
#60, 0, 3, 111, 0, 4000, 5900

# ROS vel_refine -> icp: monitor execution of ICP
#61, 1, 3, 109, 101, 0, 4500

# ROS decode -> publish: end-to-end latency
#62, 1, 3, 111, 105, 0, 10000

# ROS cluster – periodic heartbeat: 
#80, 0, 3, 107, 0, 20000, 110000

# ROS cluster -> vel_pick: latency
#81, 1, 3, 107, 106, 0, 10000

# ROS vel_pick -> vel_refine: latency 
#82, 1, 3, 106, 109, 0, 5000

# ROS vel_refine -> icp: latency 
#83, 1, 3, 109, 101, 0, 25000

# ROS cluster -> core_total: end-to-end latency 
#84, 1, 3, 107, 108, 0, 30000

# Platon_HW – heartbeat: new RPM value 
#70, 0, 4, 1, 0, 8000, 12000

# Platon_HW – value range: Idle RPM (Type 4): trigger=1 (Idle), stop=2 (Ramp), range=[0, 10]
#71, 4, 4, 1, 2, 0, 10

# Platon_HW – Fast RPM (Type 4): trigger=3 (Fast), stop=2 (Ramp), range=[2700, 3300]
#72, 4, 4, 3, 2, 2700, 3300
